{
    "metadata": {
        "ticker": "AAPL",
        "timeframe": "15m",
        "horizon": 1,
        "timestamp": "2025-03-24 09:35:07",
        "best_model": [
            "ensemble",
            0.46774394287926196
        ]
    },
    "results": {
        "rf": {
            "accuracy": 0.5107665805340225,
            "precision": 0.0,
            "recall": 0.0,
            "f1": 0.0,
            "train_time": 0.008911212285359701,
            "inference_time": 0.004549597995636485,
            "used_fallback": false,
            "auc_score": 0.5,
            "raw_metrics": {
                "accuracy": [
                    0.48320413436692505,
                    0.5038759689922481,
                    0.5452196382428941
                ],
                "precision": [
                    0.0,
                    0.0,
                    0.0
                ],
                "recall": [
                    0.0,
                    0.0,
                    0.0
                ],
                "f1": [
                    0.0,
                    0.0,
                    0.0
                ],
                "train_time": [
                    0.010700702667236328,
                    0.00804901123046875,
                    0.007983922958374023
                ],
                "inference_time": [
                    0.004457312960957372,
                    0.00448008778791403,
                    0.004711393238038056
                ]
            }
        },
        "gb": {
            "accuracy": 0.5107665805340225,
            "precision": 0.0,
            "recall": 0.0,
            "f1": 0.0,
            "train_time": 0.009297847747802734,
            "inference_time": 0.010474594988564187,
            "used_fallback": false,
            "auc_score": 0.5,
            "raw_metrics": {
                "accuracy": [
                    0.48320413436692505,
                    0.5038759689922481,
                    0.5452196382428941
                ],
                "precision": [
                    0.0,
                    0.0,
                    0.0
                ],
                "recall": [
                    0.0,
                    0.0,
                    0.0
                ],
                "f1": [
                    0.0,
                    0.0,
                    0.0
                ],
                "train_time": [
                    0.008325815200805664,
                    0.008794784545898438,
                    0.010772943496704102
                ],
                "inference_time": [
                    0.010465374904701568,
                    0.010037315600294167,
                    0.010921094460696829
                ]
            }
        },
        "ensemble": {
            "accuracy": 0.4797588285960379,
            "precision": 0.46776525571627176,
            "recall": 0.4677272727272727,
            "f1": 0.46774394287926196,
            "train_time": 0.0,
            "inference_time": 4.370001038018226e-05,
            "used_fallback": false,
            "auc_score": 0.5,
            "raw_metrics": {
                "accuracy": [
                    0.4418604651162791,
                    0.5064599483204134,
                    0.4909560723514212
                ],
                "precision": [
                    0.46,
                    0.5026178010471204,
                    0.4406779661016949
                ],
                "recall": [
                    0.46,
                    0.5,
                    0.4431818181818182
                ],
                "f1": [
                    0.46,
                    0.5013054830287206,
                    0.44192634560906513
                ],
                "train_time": [
                    0.0,
                    0.0,
                    0.0
                ],
                "inference_time": [
                    4.6324668312565606e-05,
                    4.178978676019713e-05,
                    4.2985576067784033e-05
                ]
            }
        }
    }
}