{
    "metadata": {
        "ticker": "AAPL",
        "timeframe": "15m",
        "horizon": 1,
        "timestamp": "2025-03-24 09:29:53",
        "best_model": [
            "rf",
            0.0
        ]
    },
    "results": {
        "rf": {
            "accuracy": 0.5107665805340225,
            "precision": 0.0,
            "recall": 0.0,
            "f1": 0.0,
            "train_time": 0.009028275807698568,
            "inference_time": 0.004405593584571595,
            "used_fallback": false,
            "auc_score": 0.5,
            "raw_metrics": {
                "accuracy": [
                    0.48320413436692505,
                    0.5038759689922481,
                    0.5452196382428941
                ],
                "precision": [
                    0.0,
                    0.0,
                    0.0
                ],
                "recall": [
                    0.0,
                    0.0,
                    0.0
                ],
                "f1": [
                    0.0,
                    0.0,
                    0.0
                ],
                "train_time": [
                    0.011139869689941406,
                    0.007977962493896484,
                    0.007966995239257812
                ],
                "inference_time": [
                    0.004420325429556598,
                    0.004368652669034263,
                    0.004427802655123925
                ]
            }
        },
        "gb": {
            "accuracy": 0.5107665805340225,
            "precision": 0.0,
            "recall": 0.0,
            "f1": 0.0,
            "train_time": 0.007946332295735678,
            "inference_time": 0.009546989823701975,
            "used_fallback": false,
            "auc_score": 0.5,
            "raw_metrics": {
                "accuracy": [
                    0.48320413436692505,
                    0.5038759689922481,
                    0.5452196382428941
                ],
                "precision": [
                    0.0,
                    0.0,
                    0.0
                ],
                "recall": [
                    0.0,
                    0.0,
                    0.0
                ],
                "f1": [
                    0.0,
                    0.0,
                    0.0
                ],
                "train_time": [
                    0.008508920669555664,
                    0.007418155670166016,
                    0.007911920547485352
                ],
                "inference_time": [
                    0.009549174197884492,
                    0.009462872216867846,
                    0.009628923056353586
                ]
            }
        },
        "ensemble": {
            "accuracy": 0.5107665805340225,
            "precision": 0.0,
            "recall": 0.0,
            "f1": 0.0,
            "train_time": 0.007948160171508789,
            "inference_time": 0.004540850231095083,
            "used_fallback": false,
            "auc_score": 0.5,
            "raw_metrics": {
                "accuracy": [
                    0.48320413436692505,
                    0.5038759689922481,
                    0.5452196382428941
                ],
                "precision": [
                    0.0,
                    0.0,
                    0.0
                ],
                "recall": [
                    0.0,
                    0.0,
                    0.0
                ],
                "f1": [
                    0.0,
                    0.0,
                    0.0
                ],
                "train_time": [
                    0.009079217910766602,
                    0.007112026214599609,
                    0.007653236389160156
                ],
                "inference_time": [
                    0.004519277764845264,
                    0.0045564593578801904,
                    0.004546813570559795
                ]
            }
        }
    }
}