{
    "metadata": {
        "ticker": "AAPL",
        "timeframe": "15m",
        "horizon": 1,
        "timestamp": "2025-03-24 04:58:29",
        "best_model": [
            "rf",
            0.0
        ]
    },
    "results": {
        "rf": {
            "accuracy": 0.5107665805340225,
            "precision": 0.0,
            "recall": 0.0,
            "f1": 0.0,
            "train_time": 0.008756319681803385,
            "inference_time": 0.004472477491511855,
            "used_fallback": false,
            "auc_score": 0.5,
            "raw_metrics": {
                "accuracy": [
                    0.48320413436692505,
                    0.5038759689922481,
                    0.5452196382428941
                ],
                "precision": [
                    0.0,
                    0.0,
                    0.0
                ],
                "recall": [
                    0.0,
                    0.0,
                    0.0
                ],
                "f1": [
                    0.0,
                    0.0,
                    0.0
                ],
                "train_time": [
                    0.010380744934082031,
                    0.0073201656341552734,
                    0.008568048477172852
                ],
                "inference_time": [
                    0.004452939489399124,
                    0.004424284286893307,
                    0.004540208698243134
                ]
            }
        },
        "gb": {
            "accuracy": 0.5107665805340225,
            "precision": 0.0,
            "recall": 0.0,
            "f1": 0.0,
            "train_time": 0.007722695668538411,
            "inference_time": 0.009770788887674494,
            "used_fallback": false,
            "auc_score": 0.5,
            "raw_metrics": {
                "accuracy": [
                    0.48320413436692505,
                    0.5038759689922481,
                    0.5452196382428941
                ],
                "precision": [
                    0.0,
                    0.0,
                    0.0
                ],
                "recall": [
                    0.0,
                    0.0,
                    0.0
                ],
                "f1": [
                    0.0,
                    0.0,
                    0.0
                ],
                "train_time": [
                    0.007409095764160156,
                    0.007700920104980469,
                    0.00805807113647461
                ],
                "inference_time": [
                    0.009712118203017754,
                    0.009838345746969375,
                    0.009761902713036352
                ]
            }
        },
        "ensemble": {
            "accuracy": 0.5107665805340225,
            "precision": 0.0,
            "recall": 0.0,
            "f1": 0.0,
            "train_time": 0.0074532826741536455,
            "inference_time": 0.004480922971687678,
            "used_fallback": false,
            "auc_score": 0.5,
            "raw_metrics": {
                "accuracy": [
                    0.48320413436692505,
                    0.5038759689922481,
                    0.5452196382428941
                ],
                "precision": [
                    0.0,
                    0.0,
                    0.0
                ],
                "recall": [
                    0.0,
                    0.0,
                    0.0
                ],
                "f1": [
                    0.0,
                    0.0,
                    0.0
                ],
                "train_time": [
                    0.008395910263061523,
                    0.007081031799316406,
                    0.006882905960083008
                ],
                "inference_time": [
                    0.004434725418879388,
                    0.004562264573050407,
                    0.004445778923133239
                ]
            }
        }
    }
}