{
    "metadata": {
        "ticker": "AAPL",
        "timeframe": "15m",
        "horizon": 1,
        "timestamp": "2025-03-24 05:07:21",
        "best_model": [
            "gb",
            0.46774394287926196
        ]
    },
    "results": {
        "rf": {
            "accuracy": 0.5107665805340225,
            "precision": 0.0,
            "recall": 0.0,
            "f1": 0.0,
            "train_time": 0.010073423385620117,
            "inference_time": 0.005397454712742058,
            "used_fallback": false,
            "auc_score": 0.5,
            "raw_metrics": {
                "accuracy": [
                    0.48320413436692505,
                    0.5038759689922481,
                    0.5452196382428941
                ],
                "precision": [
                    0.0,
                    0.0,
                    0.0
                ],
                "recall": [
                    0.0,
                    0.0,
                    0.0
                ],
                "f1": [
                    0.0,
                    0.0,
                    0.0
                ],
                "train_time": [
                    0.011950016021728516,
                    0.009572267532348633,
                    0.008697986602783203
                ],
                "inference_time": [
                    0.005237449355211677,
                    0.005604762439579926,
                    0.005350152343434573
                ]
            }
        },
        "gb": {
            "accuracy": 0.4797588285960379,
            "precision": 0.46776525571627176,
            "recall": 0.4677272727272727,
            "f1": 0.46774394287926196,
            "train_time": 0.0,
            "inference_time": 4.447276586093952e-05,
            "used_fallback": false,
            "auc_score": 0.5,
            "raw_metrics": {
                "accuracy": [
                    0.4418604651162791,
                    0.5064599483204134,
                    0.4909560723514212
                ],
                "precision": [
                    0.46,
                    0.5026178010471204,
                    0.4406779661016949
                ],
                "recall": [
                    0.46,
                    0.5,
                    0.4431818181818182
                ],
                "f1": [
                    0.46,
                    0.5013054830287206,
                    0.44192634560906513
                ],
                "train_time": [
                    0.0,
                    0.0,
                    0.0
                ],
                "inference_time": [
                    4.471549692080002e-05,
                    4.452020314928789e-05,
                    4.4182597512730644e-05
                ]
            }
        },
        "ensemble": {
            "accuracy": 0.5107665805340225,
            "precision": 0.0,
            "recall": 0.0,
            "f1": 0.0,
            "train_time": 0.007838567097981771,
            "inference_time": 0.005345790987893696,
            "used_fallback": false,
            "auc_score": 0.5,
            "raw_metrics": {
                "accuracy": [
                    0.48320413436692505,
                    0.5038759689922481,
                    0.5452196382428941
                ],
                "precision": [
                    0.0,
                    0.0,
                    0.0
                ],
                "recall": [
                    0.0,
                    0.0,
                    0.0
                ],
                "f1": [
                    0.0,
                    0.0,
                    0.0
                ],
                "train_time": [
                    0.007597923278808594,
                    0.00806879997253418,
                    0.007848978042602539
                ],
                "inference_time": [
                    0.005514008746282691,
                    0.005082541349938366,
                    0.005440822867460029
                ]
            }
        }
    }
}