{
    "metadata": {
        "ticker": "AAPL",
        "timeframe": "15m",
        "horizon": 1,
        "timestamp": "2025-03-24 05:04:50",
        "best_model": [
            "gb",
            0.46774394287926196
        ]
    },
    "results": {
        "rf": {
            "accuracy": 0.5107665805340225,
            "precision": 0.0,
            "recall": 0.0,
            "f1": 0.0,
            "train_time": 0.010395208994547525,
            "inference_time": 0.005226780483170278,
            "used_fallback": false,
            "auc_score": 0.5,
            "raw_metrics": {
                "accuracy": [
                    0.48320413436692505,
                    0.5038759689922481,
                    0.5452196382428941
                ],
                "precision": [
                    0.0,
                    0.0,
                    0.0
                ],
                "recall": [
                    0.0,
                    0.0,
                    0.0
                ],
                "f1": [
                    0.0,
                    0.0,
                    0.0
                ],
                "train_time": [
                    0.012718677520751953,
                    0.008800983428955078,
                    0.009665966033935547
                ],
                "inference_time": [
                    0.005110027870158508,
                    0.005326854474168723,
                    0.005243459105183604
                ]
            }
        },
        "gb": {
            "accuracy": 0.4797588285960379,
            "precision": 0.46776525571627176,
            "recall": 0.4677272727272727,
            "f1": 0.46774394287926196,
            "train_time": 0.0,
            "inference_time": 4.6322820106526066e-05,
            "used_fallback": false,
            "auc_score": 0.5,
            "raw_metrics": {
                "accuracy": [
                    0.4418604651162791,
                    0.5064599483204134,
                    0.4909560723514212
                ],
                "precision": [
                    0.46,
                    0.5026178010471204,
                    0.4406779661016949
                ],
                "recall": [
                    0.46,
                    0.5,
                    0.4431818181818182
                ],
                "f1": [
                    0.46,
                    0.5013054830287206,
                    0.44192634560906513
                ],
                "train_time": [
                    0.0,
                    0.0,
                    0.0
                ],
                "inference_time": [
                    4.5803474209413357e-05,
                    4.963665353543383e-05,
                    4.352833257473101e-05
                ]
            }
        },
        "ensemble": {
            "accuracy": 0.4797588285960379,
            "precision": 0.46776525571627176,
            "recall": 0.4677272727272727,
            "f1": 0.46774394287926196,
            "train_time": 0.0,
            "inference_time": 4.537407433955861e-05,
            "used_fallback": false,
            "auc_score": 0.5,
            "raw_metrics": {
                "accuracy": [
                    0.4418604651162791,
                    0.5064599483204134,
                    0.4909560723514212
                ],
                "precision": [
                    0.46,
                    0.5026178010471204,
                    0.4406779661016949
                ],
                "recall": [
                    0.46,
                    0.5,
                    0.4431818181818182
                ],
                "f1": [
                    0.46,
                    0.5013054830287206,
                    0.44192634560906513
                ],
                "train_time": [
                    0.0,
                    0.0,
                    0.0
                ],
                "inference_time": [
                    4.7669546240675976e-05,
                    4.5028459810163316e-05,
                    4.342421696783652e-05
                ]
            }
        }
    }
}