{
    "metadata": {
        "ticker": "AAPL",
        "timeframe": "15m",
        "horizon": 1,
        "timestamp": "2025-03-24 09:58:05",
        "best_model": [
            "gb",
            0.473072795738786
        ]
    },
    "results": {
        "rf": {
            "accuracy": 0.5096899224806202,
            "precision": 0.0,
            "recall": 0.0,
            "f1": 0.0,
            "train_time": 0.010717153549194336,
            "inference_time": 0.005089675502259602,
            "used_fallback": false,
            "auc_score": 0.5,
            "raw_metrics": {
                "accuracy": [
                    0.48255813953488375,
                    0.5368217054263565
                ],
                "precision": [
                    0.0,
                    0.0
                ],
                "recall": [
                    0.0,
                    0.0
                ],
                "f1": [
                    0.0,
                    0.0
                ],
                "train_time": [
                    0.011676311492919922,
                    0.00975799560546875
                ],
                "inference_time": [
                    0.005133012930552165,
                    0.005046338073967039
                ]
            }
        },
        "gb": {
            "accuracy": 0.4825581395348837,
            "precision": 0.47213930348258704,
            "recall": 0.4740099979627975,
            "f1": 0.473072795738786,
            "train_time": 0.0,
            "inference_time": 4.412961560626363e-05,
            "used_fallback": false,
            "auc_score": 0.5,
            "raw_metrics": {
                "accuracy": [
                    0.45930232558139533,
                    0.5058139534883721
                ],
                "precision": [
                    0.47761194029850745,
                    0.4666666666666667
                ],
                "recall": [
                    0.4794007490636704,
                    0.4686192468619247
                ],
                "f1": [
                    0.4785046728971963,
                    0.46764091858037576
                ],
                "train_time": [
                    0.0,
                    0.0
                ],
                "inference_time": [
                    4.3558981991553494e-05,
                    4.470024922097376e-05
                ]
            }
        },
        "ensemble": {
            "accuracy": 0.5096899224806202,
            "precision": 0.0,
            "recall": 0.0,
            "f1": 0.0,
            "train_time": 0.02573251724243164,
            "inference_time": 0.005229383707046509,
            "used_fallback": false,
            "auc_score": 0.5,
            "raw_metrics": {
                "accuracy": [
                    0.48255813953488375,
                    0.5368217054263565
                ],
                "precision": [
                    0.0,
                    0.0
                ],
                "recall": [
                    0.0,
                    0.0
                ],
                "f1": [
                    0.0,
                    0.0
                ],
                "train_time": [
                    0.04291510581970215,
                    0.008549928665161133
                ],
                "inference_time": [
                    0.005295475323994954,
                    0.0051632920900980634
                ]
            }
        }
    }
}