{
    "metadata": {
        "ticker": "AAPL",
        "timeframe": "15m",
        "horizon": 1,
        "timestamp": "2025-03-24 05:05:58",
        "best_model": [
            "gb",
            0.46774394287926196
        ]
    },
    "results": {
        "rf": {
            "accuracy": 0.5107665805340225,
            "precision": 0.0,
            "recall": 0.0,
            "f1": 0.0,
            "train_time": 0.010989824930826822,
            "inference_time": 0.0053434429447985635,
            "used_fallback": false,
            "auc_score": 0.5,
            "raw_metrics": {
                "accuracy": [
                    0.48320413436692505,
                    0.5038759689922481,
                    0.5452196382428941
                ],
                "precision": [
                    0.0,
                    0.0,
                    0.0
                ],
                "recall": [
                    0.0,
                    0.0,
                    0.0
                ],
                "f1": [
                    0.0,
                    0.0,
                    0.0
                ],
                "train_time": [
                    0.013005733489990234,
                    0.008205890655517578,
                    0.011757850646972656
                ],
                "inference_time": [
                    0.005148870384354308,
                    0.005689224223449865,
                    0.005192234226591519
                ]
            }
        },
        "gb": {
            "accuracy": 0.4797588285960379,
            "precision": 0.46776525571627176,
            "recall": 0.4677272727272727,
            "f1": 0.46774394287926196,
            "train_time": 0.0,
            "inference_time": 4.665960431817685e-05,
            "used_fallback": false,
            "auc_score": 0.5,
            "raw_metrics": {
                "accuracy": [
                    0.4418604651162791,
                    0.5064599483204134,
                    0.4909560723514212
                ],
                "precision": [
                    0.46,
                    0.5026178010471204,
                    0.4406779661016949
                ],
                "recall": [
                    0.46,
                    0.5,
                    0.4431818181818182
                ],
                "f1": [
                    0.46,
                    0.5013054830287206,
                    0.44192634560906513
                ],
                "train_time": [
                    0.0,
                    0.0,
                    0.0
                ],
                "inference_time": [
                    4.507466496115199e-05,
                    4.810633893468891e-05,
                    4.679780905868964e-05
                ]
            }
        },
        "ensemble": {
            "accuracy": 0.5107665805340225,
            "precision": 0.0,
            "recall": 0.0,
            "f1": 0.0,
            "train_time": 0.008737961451212565,
            "inference_time": 0.006336724932700987,
            "used_fallback": false,
            "auc_score": 0.5,
            "raw_metrics": {
                "accuracy": [
                    0.48320413436692505,
                    0.5038759689922481,
                    0.5452196382428941
                ],
                "precision": [
                    0.0,
                    0.0,
                    0.0
                ],
                "recall": [
                    0.0,
                    0.0,
                    0.0
                ],
                "f1": [
                    0.0,
                    0.0,
                    0.0
                ],
                "train_time": [
                    0.00787806510925293,
                    0.009418964385986328,
                    0.008916854858398438
                ],
                "inference_time": [
                    0.005292836393804822,
                    0.008122557509469124,
                    0.0055947808948290136
                ]
            }
        }
    }
}