{
    "metadata": {
        "ticker": "AAPL",
        "timeframe": "15m",
        "horizon": 1,
        "timestamp": "2025-03-24 05:00:56",
        "best_model": [
            "gb",
            0.46774394287926196
        ]
    },
    "results": {
        "rf": {
            "accuracy": 0.5107665805340225,
            "precision": 0.0,
            "recall": 0.0,
            "f1": 0.0,
            "train_time": 0.011660496393839518,
            "inference_time": 0.005662510047998026,
            "used_fallback": false,
            "auc_score": 0.5,
            "raw_metrics": {
                "accuracy": [
                    0.48320413436692505,
                    0.5038759689922481,
                    0.5452196382428941
                ],
                "precision": [
                    0.0,
                    0.0,
                    0.0
                ],
                "recall": [
                    0.0,
                    0.0,
                    0.0
                ],
                "f1": [
                    0.0,
                    0.0,
                    0.0
                ],
                "train_time": [
                    0.014936208724975586,
                    0.009433984756469727,
                    0.010611295700073242
                ],
                "inference_time": [
                    0.00609311330534075,
                    0.005821511418936481,
                    0.005072905419716847
                ]
            }
        },
        "gb": {
            "accuracy": 0.4797588285960379,
            "precision": 0.46776525571627176,
            "recall": 0.4677272727272727,
            "f1": 0.46774394287926196,
            "train_time": 3.178914388020833e-07,
            "inference_time": 4.805315167199528e-05,
            "used_fallback": false,
            "auc_score": 0.5,
            "raw_metrics": {
                "accuracy": [
                    0.4418604651162791,
                    0.5064599483204134,
                    0.4909560723514212
                ],
                "precision": [
                    0.46,
                    0.5026178010471204,
                    0.4406779661016949
                ],
                "recall": [
                    0.46,
                    0.5,
                    0.4431818181818182
                ],
                "f1": [
                    0.46,
                    0.5013054830287206,
                    0.44192634560906513
                ],
                "train_time": [
                    0.0,
                    0.0,
                    9.5367431640625e-07
                ],
                "inference_time": [
                    4.818827606910883e-05,
                    4.660066708113796e-05,
                    4.937051186573906e-05
                ]
            }
        },
        "ensemble": {
            "accuracy": 0.5107665805340225,
            "precision": 0.0,
            "recall": 0.0,
            "f1": 0.0,
            "train_time": 0.00837270418802897,
            "inference_time": 0.005842315852898755,
            "used_fallback": false,
            "auc_score": 0.5,
            "raw_metrics": {
                "accuracy": [
                    0.48320413436692505,
                    0.5038759689922481,
                    0.5452196382428941
                ],
                "precision": [
                    0.0,
                    0.0,
                    0.0
                ],
                "recall": [
                    0.0,
                    0.0,
                    0.0
                ],
                "f1": [
                    0.0,
                    0.0,
                    0.0
                ],
                "train_time": [
                    0.009135007858276367,
                    0.00828409194946289,
                    0.007699012756347656
                ],
                "inference_time": [
                    0.005975965997661423,
                    0.005916622566006289,
                    0.0056343589950285525
                ]
            }
        }
    }
}